budget,infectious ratio
0.01,-0.00042497751292613906
0.02,0.0009630915687836028
0.03,0.0007619483321021914
0.04,0.001569564701938364
0.05,0.0011012147157853924
0.1,0.004824746638809274
0.2,0.020724666330086183
0.3,0.043036316519802664
0.4,0.07539161807300565
0.5,0.10972086584749263
