budget,infectious ratio
0.01,-0.0009120676102731817
0.02,0.00010124655726651
0.03,0.0004454258729328364
0.04,-2.9242357554304377e-06
0.05,-6.332975332512536e-05
0.1,0.0009790374706313276
0.2,0.009888585891368429
0.3,0.020644274181959243
0.4,0.038167201886744606
0.5,0.05884352964302675
