budget,POTION,deg,gel,POTION-err,deg-err,gel-err
0.1,0.024471439648488857,-0.0020510205663096803,0.0019440882277503846,0.009681365188138636,0.006150048144159194,0.006039304305751699
0.2,0.032469362745098485,0.003384319378128553,0.011966911764704657,0.009284683041963471,0.0061721427281536375,0.006617762253523203
0.3,0.03879945054945089,0.016460202294577897,0.02266727795097412,0.008789796952487001,0.005942928073247408,0.006000970189479978
0.4,0.044295962955716583,0.027495930548019687,0.02539285714285655,0.008652420077268883,0.006076000100891462,0.006613588102155528
0.5,0.050868463925984875,0.027831390554030944,0.04253284900384202,0.008084762350813339,0.005982864758097828,0.00608582441420214
