budget,targeted infectious ratio,nontargeted infectious ratio,targeted std-error,nontargeted std-err
0.1,0.024471439648488857,-0.002951662293264379,0.009681365188138636,0.0040593468986846555
0.2,0.032469362745098485,-6.947481594798965e-05,0.009284683041963471,0.004032621499026828
0.3,0.03879945054945089,-0.0030408717676378982,0.008789796952487001,0.0038837608203794883
0.4,0.044295962955716583,-0.007398528382426384,0.008652420077268883,0.0038314389994474167
0.5,0.050868463925984875,-0.003908979999937556,0.008084762350813339,0.003996696278192616
