budget,POTION,deg,gel,POTION-err,deg-err,gel-err
0.1,-0.002951662293264379,-0.0011927276213481441,-0.0015655008129364933,0.0040593468986846555,0.0027806610144234904,0.002806163442633388
0.2,-6.947481594798965e-05,0.00011006948808633954,0.00022863748316737098,0.004032621499026828,0.0029097641746642752,0.0030346451165170958
0.3,-0.0030408717676378982,0.0008204894598545787,0.0008026003898136125,0.0038837608203794883,0.0027991231710872127,0.0028648699490791273
0.4,-0.007398528382426384,0.003309720090284629,5.9058362481212434e-05,0.0038314389994474167,0.0027349123626392697,0.0028534804138973073
0.5,-0.003908979999937556,0.0013811252481202851,0.00019031614070985636,0.003996696278192616,0.002749441850845639,0.0029036145999738116
