budget,POTION,deg,gel,POTION-err,deg-err,gel-err
0.1,0.001104193029088707,0.00042890672109030525,0.0002822750527949891,0.0012659114112109442,0.0009122320091395481,0.0009333203562239471
0.2,0.000472164094873051,0.00014223132327850774,0.0003304959791170514,0.0013917423579099429,0.0008912230889863775,0.0009236214304816153
0.3,-0.0003006816568851267,-0.0007594795205292382,-0.0013537699971609696,0.0013086555450451762,0.0008931804493235969,0.0009093672492101459
0.4,0.0002790536141321631,-0.0009276605393337967,-0.0012779561263227546,0.0012766953557300687,0.0008912470169173774,0.0009165636468253149
0.5,0.0012944057732965364,-0.0018840068376699826,-0.0010742917262319684,0.0012963940792959678,0.0009089186375483082,0.0009140727139067231
