budget,POTION,deg,gel,POTION-err,deg-err,gel-err
0.1,0.04918030536970097,0.042577155198511574,0.03922958674827892,0.009147320867502326,0.006674797364387331,0.006607255863359388
0.2,0.0841993803229617,0.0411057189786459,0.047039156494226186,0.008470258013343024,0.006588068121267565,0.006940544218708534
0.3,0.1209030742223921,0.03801993681891136,0.03753952128685456,0.008133175829298067,0.006764451103418553,0.006753960909682727
0.4,0.12580461539896803,0.04470182091084862,0.03877445381067257,0.007767829592745675,0.006853923762110118,0.006864298944845121
0.5,0.13932204080800126,0.04013150937620369,0.04299374827088143,0.00734578213156304,0.006791842929406769,0.0067395938701398555
