budget,targeted infectious ratio,nontargeted infectious ratio,targeted std-error,nontargeted std-err
0.1,0.04918030536970097,0.001104193029088707,0.009147320867502326,0.0012659114112109442
0.2,0.0841993803229617,0.000472164094873051,0.008470258013343024,0.0013917423579099429
0.3,0.1209030742223921,-0.0003006816568851267,0.008133175829298067,0.0013086555450451762
0.4,0.12580461539896803,0.0002790536141321631,0.007767829592745675,0.0012766953557300687
0.5,0.13932204080800126,0.0012944057732965364,0.00734578213156304,0.0012963940792959678
