budget,targeted infectious ratio,nontargeted infectious ratio,targeted std-error,nontargeted std-err
0.1,0.011090646645858349,2.9325635259494498e-05,0.014113655638135594,0.0012357622689974754
0.2,0.017553586940805554,-0.0009112975664857109,0.013879980696470505,0.0011511394999487808
0.3,0.018534073973716536,-0.001282605247468975,0.012719023461198728,0.001073998697549912
0.4,0.05163934426229522,-0.0004575871220477423,0.012165536568089714,0.0010631678301729727
0.5,0.05490512456434771,-0.0007823207241384467,0.014237033693314128,0.001116156464825823
