budget,POTION,deg,gel,POTION-err,deg-err,gel-err
0.1,2.9325635259494498e-05,0.000663715131183587,-0.000282585128143914,0.0012357622689974754,0.0016336003599415208,0.0013377810394620525
0.2,-0.0009112975664857109,-0.0003323593036491726,-0.0006846154963627837,0.0011511394999487808,0.0015688892824055713,0.0018308241468292222
0.3,-0.001282605247468975,0.0003972790207071933,0.0010145695380205308,0.001073998697549912,0.0014843052272390874,0.001455447297131953
0.4,-0.0004575871220477423,0.0010644628466873057,9.078721851721316e-05,0.0010631678301729727,0.0015526801298305865,0.0017288062727744543
0.5,-0.0007823207241384467,-0.00037302208050057906,0.001283977113684942,0.001116156464825823,0.001799457248167462,0.0016565418353607871
