budget,POTION,deg,gel,POTION-err,deg-err,gel-err
0.1,0.011090646645858349,0.003646127755794204,-0.010572013313211892,0.014113655638135594,0.018203596607567925,0.01716828071393174
0.2,0.017553586940805554,0.010024611753191692,-0.006108254114303269,0.013879980696470505,0.019728691248287734,0.021050118030730536
0.3,0.018534073973716536,-0.01678139710926574,0.012078592970826585,0.012719023461198728,0.021055324109617104,0.019117352913106376
0.4,0.05163934426229522,0.010517977682876767,-0.004203446826397617,0.012165536568089714,0.02013369491353958,0.020358586071789045
0.5,0.05490512456434771,-0.0011922503725781963,-0.007671447069458659,0.014237033693314128,0.019587333668002194,0.02390873220304493
